Portfolio,Beta,Jensen Alpha,Treynor Ratio
Equal Weight,1.1362527125936235,0.009982159268849088,-0.006280574972594167
Optimized,2.904334582987479,0.060035227286804355,0.005605173370470607
