,Portfolio,Return,Volatility
0,Equal Weight,0.016574321592964868,0.04873980741109003
1,Optimized,0.0222830998450486,0.05119004230892937
